"","x","y","z","Sample","School"
"1",11,11,NA,"P","73"
"2",14,16,NA,"P","74"
"3",4,7,NA,"P","40"
"4",2,1,NA,"P","28"
"5",3,4,NA,"P","67"
"6",9,8,NA,"P","63"
"7",8,4,NA,"P","16"
"8",2,4,NA,"P","24"
"9",10,9,NA,"P","39"
"10",6,5,NA,"P","63"
"11",14,17,NA,"P","53"
"12",10,14,NA,"P","23"
"13",5,6,NA,"P","53"
"14",7,9,NA,"P","73"
"15",4,6,NA,"P","6"
"16",11,12,NA,"P","56"
"17",8,7,NA,"P","7"
"18",1,1,NA,"P","63"
"19",14,14,NA,"P","1"
"20",14,16,NA,"P","10"
"21",9,7,NA,"P","39"
"22",5,7,NA,"P","67"
"23",6,14,NA,"P","41"
"24",8,6,NA,"P","70"
"25",3,6,NA,"P","40"
"26",5,8,NA,"P","1"
"27",11,11,NA,"P","35"
"28",7,10,NA,"P","74"
"29",5,6,NA,"P","40"
"30",7,4,NA,"P","4"
"31",7,7,NA,"P","14"
"32",13,14,NA,"P","1"
"33",11,10,NA,"P","65"
"34",14,17,NA,"P","32"
"35",4,3,NA,"P","29"
"36",11,14,NA,"P","32"
"37",15,14,NA,"P","60"
"38",14,12,NA,"P","69"
"39",5,8,NA,"P","16"
"40",2,3,NA,"P","7"
"41",6,2,NA,"P","15"
"42",12,12,NA,"P","40"
"43",1,4,NA,"P","7"
"44",11,13,NA,"P","23"
"45",13,15,NA,"P","64"
"46",14,12,NA,"P","4"
"47",7,4,NA,"P","38"
"48",9,11,NA,"P","1"
"49",12,14,NA,"P","38"
"50",10,14,NA,"P","64"
"51",13,9,NA,"P","39"
"52",6,8,NA,"P","77"
"53",5,5,NA,"P","24"
"54",3,1,NA,"P","3"
"55",12,14,NA,"P","10"
"56",1,3,NA,"P","3"
"57",9,15,NA,"P","28"
"58",15,15,NA,"P","65"
"59",6,6,NA,"P","77"
"60",0,1,NA,"P","8"
"61",6,11,NA,"P","74"
"62",14,14,NA,"P","35"
"63",10,13,NA,"P","53"
"64",1,5,NA,"P","30"
"65",7,6,NA,"P","3"
"66",15,15,NA,"P","43"
"67",14,15,NA,"P","64"
"68",12,14,NA,"P","35"
"69",7,6,NA,"P","40"
"70",2,3,NA,"P","23"
"71",5,8,NA,"P","6"
"72",10,13,NA,"P","14"
"73",14,13,NA,"P","77"
"74",8,11,NA,"P","14"
"75",11,14,NA,"P","4"
"76",6,9,NA,"P","2"
"77",7,1,NA,"P","77"
"78",10,8,NA,"P","39"
"79",3,2,NA,"P","6"
"80",2,4,NA,"P","8"
"81",2,4,NA,"P","42"
"82",6,5,NA,"P","73"
"83",12,12,NA,"P","43"
"84",7,6,NA,"P","39"
"85",6,10,NA,"P","1"
"86",11,16,NA,"P","53"
"87",8,10,NA,"P","60"
"88",7,8,NA,"P","39"
"89",2,5,NA,"P","42"
"90",8,13,NA,"P","17"
"91",6,8,NA,"P","77"
"92",10,6,NA,"P","42"
"93",2,3,NA,"P","28"
"94",5,5,NA,"P","67"
"95",12,12,NA,"P","69"
"96",6,7,NA,"P","29"
"97",2,2,NA,"P","8"
"98",15,15,NA,"P","63"
"99",12,10,NA,"P","56"
"100",7,7,NA,"P","53"
"101",4,7,NA,"P","53"
"102",11,14,NA,"P","69"
"103",8,2,NA,"P","35"
"104",11,16,NA,"P","17"
"105",14,16,NA,"P","70"
"106",6,6,NA,"P","73"
"107",7,13,NA,"P","63"
"108",14,17,NA,"P","73"
"109",11,12,NA,"P","77"
"110",13,16,NA,"P","70"
"111",11,11,NA,"P","68"
"112",3,3,NA,"P","70"
"113",3,5,NA,"P","38"
"114",14,15,NA,"P","73"
"115",14,16,NA,"P","35"
"116",8,14,NA,"P","64"
"117",8,5,NA,"P","23"
"118",3,2,NA,"P","3"
"119",0,3,NA,"P","28"
"120",9,6,NA,"P","76"
"121",11,15,NA,"P","74"
"122",6,7,NA,"P","16"
"123",13,16,NA,"P","56"
"124",3,1,NA,"P","70"
"125",14,14,NA,"P","53"
"126",15,13,NA,"P","17"
"127",15,15,NA,"P","2"
"128",4,4,NA,"P","67"
"129",5,9,NA,"P","65"
"130",4,4,NA,"P","42"
"131",9,11,NA,"P","56"
"132",13,17,NA,"P","69"
"133",4,6,NA,"P","74"
"134",2,4,NA,"P","3"
"135",14,17,NA,"P","73"
"136",5,3,NA,"P","16"
"137",4,10,NA,"P","17"
"138",8,7,NA,"P","6"
"139",9,13,NA,"P","17"
"140",7,5,NA,"P","38"
"141",4,3,NA,"P","74"
"142",11,12,NA,"P","39"
"143",10,12,NA,"P","4"
"144",3,2,NA,"P","40"
"145",13,13,NA,"P","35"
"146",11,14,NA,"P","6"
"147",13,8,NA,"P","24"
"148",15,17,NA,"P","10"
"149",12,11,NA,"P","6"
"150",6,3,NA,"P","74"
"151",10,9,NA,"P","39"
"152",9,9,NA,"P","43"
"153",13,15,NA,"P","32"
"154",4,5,NA,"P","67"
"155",3,5,NA,"P","2"
"156",12,16,NA,"P","65"
"157",14,11,NA,"P","74"
"158",7,4,NA,"P","8"
"159",2,4,NA,"P","6"
"160",13,15,NA,"P","60"
"161",7,14,NA,"P","67"
"162",1,1,NA,"P","28"
"163",10,14,NA,"P","41"
"164",10,14,NA,"P","6"
"165",7,4,NA,"P","29"
"166",15,16,NA,"P","64"
"167",14,15,NA,"P","35"
"168",14,17,NA,"P","32"
"169",9,14,NA,"P","60"
"170",4,7,NA,"P","23"
"171",14,14,NA,"P","30"
"172",3,2,NA,"P","8"
"173",8,12,NA,"P","65"
"174",12,15,NA,"P","56"
"175",3,7,NA,"P","70"
"176",12,15,NA,"P","16"
"177",4,3,NA,"P","67"
"178",4,1,NA,"P","53"
"179",13,14,NA,"P","53"
"180",6,5,NA,"P","68"
"181",4,5,NA,"P","69"
"182",7,11,NA,"P","69"
"183",6,9,NA,"P","43"
"184",12,14,NA,"P","60"
"185",9,11,NA,"P","65"
"186",12,11,NA,"P","23"
"187",10,12,NA,"P","35"
"188",11,13,NA,"P","65"
"189",8,7,NA,"P","7"
"190",8,6,NA,"P","63"
"191",7,13,NA,"P","41"
"192",6,9,NA,"P","67"
"193",7,6,NA,"P","3"
"194",8,14,NA,"P","3"
"195",14,13,NA,"P","69"
"196",8,2,NA,"P","6"
"197",15,14,NA,"P","60"
"198",3,4,NA,"P","24"
"199",10,11,NA,"P","41"
"200",4,2,NA,"P","77"
"201",14,15,NA,"P","60"
"202",4,8,NA,"P","56"
"203",8,4,NA,"P","17"
"204",13,13,NA,"P","2"
"205",14,15,NA,"P","10"
"206",12,15,NA,"P","60"
"207",14,14,NA,"P","69"
"208",3,6,NA,"P","42"
"209",3,6,NA,"P","38"
"210",8,14,NA,"P","73"
"211",9,5,NA,"P","2"
"212",5,1,NA,"P","76"
"213",6,7,NA,"P","7"
"214",11,11,NA,"P","41"
"215",10,15,NA,"P","28"
"216",9,12,NA,"P","67"
"217",7,6,NA,"P","74"
"218",9,12,NA,"P","70"
"219",11,12,NA,"P","73"
"220",11,14,NA,"P","65"
"221",12,16,NA,"P","28"
"222",5,8,NA,"P","76"
"223",14,16,NA,"P","10"
"224",13,17,NA,"P","1"
"225",1,0,NA,"P","23"
"226",9,7,NA,"P","24"
"227",15,15,NA,"P","30"
"228",4,7,NA,"P","1"
"229",5,3,NA,"P","79"
"230",13,8,NA,"P","30"
"231",11,12,NA,"P","29"
"232",12,11,NA,"P","76"
"233",3,4,NA,"P","40"
"234",4,2,NA,"P","23"
"235",15,17,NA,"P","10"
"236",14,17,NA,"P","69"
"237",4,4,NA,"P","79"
"238",15,15,NA,"P","4"
"239",11,14,NA,"P","41"
"240",12,14,NA,"P","10"
"241",8,9,NA,"P","64"
"242",12,12,NA,"P","15"
"243",7,1,NA,"P","14"
"244",13,15,NA,"P","60"
"245",5,3,NA,"P","24"
"246",12,13,NA,"P","65"
"247",5,7,NA,"P","74"
"248",8,6,NA,"P","14"
"249",7,4,NA,"P","69"
"250",9,13,NA,"P","35"
"251",6,8,NA,"P","4"
"252",9,10,NA,"P","1"
"253",5,7,NA,"P","63"
"254",5,2,NA,"P","7"
"255",4,5,NA,"P","38"
"256",9,15,NA,"P","23"
"257",0,2,NA,"P","28"
"258",7,9,NA,"P","43"
"259",10,9,NA,"P","39"
"260",9,9,NA,"P","74"
"261",10,12,NA,"P","74"
"262",2,5,NA,"P","7"
"263",3,7,NA,"P","30"
"264",8,13,NA,"P","4"
"265",13,16,NA,"P","64"
"266",8,7,NA,"P","38"
"267",11,15,NA,"P","70"
"268",4,3,NA,"P","68"
"269",7,7,NA,"P","38"
"270",9,6,NA,"P","1"
"271",10,10,NA,"P","79"
"272",5,5,NA,"P","23"
"273",5,5,NA,"P","24"
"274",10,14,NA,"P","43"
"275",9,12,NA,"P","2"
"276",5,4,NA,"P","3"
"277",9,11,NA,"P","74"
"278",12,16,NA,"P","35"
"279",7,9,NA,"P","67"
"280",3,2,NA,"P","17"
"281",8,8,NA,"P","16"
"282",9,7,NA,"P","7"
"283",6,12,NA,"P","39"
"284",10,17,NA,"P","29"
"285",14,16,NA,"P","17"
"286",7,4,NA,"P","16"
"287",13,13,NA,"P","15"
"288",10,14,NA,"P","35"
"289",8,4,NA,"P","42"
"290",14,15,NA,"P","69"
"291",6,5,NA,"P","3"
"292",6,6,NA,"P","1"
"293",13,16,NA,"P","73"
"294",14,14,NA,"P","35"
"295",14,17,NA,"P","60"
"296",10,9,NA,"P","8"
"297",12,16,NA,"P","10"
"298",1,2,NA,"P","28"
"299",8,8,NA,"P","69"
"300",4,6,NA,"P","40"
"301",6,5,NA,"P","63"
"302",10,11,NA,"P","32"
"303",14,15,NA,"P","64"
"304",12,11,NA,"P","41"
"305",9,5,NA,"P","16"
"306",14,16,NA,"P","64"
"307",3,4,NA,"P","39"
"308",8,5,NA,"P","8"
"309",7,6,NA,"P","39"
"310",7,10,NA,"P","2"
"311",9,13,NA,"P","69"
"312",5,5,NA,"P","69"
"313",13,12,NA,"P","4"
"314",12,16,NA,"P","56"
"315",1,1,NA,"P","69"
"316",3,3,NA,"P","68"
"317",14,16,NA,"P","63"
"318",9,13,NA,"P","15"
"319",11,12,NA,"P","56"
"320",12,12,NA,"P","14"
"321",6,10,NA,"P","65"
"322",7,3,NA,"P","40"
"323",4,1,NA,"P","8"
"324",4,5,NA,"P","29"
"325",6,7,NA,"P","40"
"326",13,15,NA,"P","56"
"327",13,13,NA,"P","70"
"328",11,13,NA,"P","70"
"329",3,1,NA,"P","74"
"330",6,7,NA,"P","2"
"331",10,10,NA,"P","3"
"332",3,10,NA,"P","40"
"333",0,1,NA,"P","70"
"334",2,3,NA,"P","42"
"335",10,14,NA,"P","15"
"336",15,16,NA,"P","30"
"337",14,15,NA,"P","6"
"338",8,12,NA,"P","70"
"339",14,17,NA,"P","60"
"340",4,9,NA,"P","67"
"341",7,7,NA,"P","77"
"342",12,16,NA,"P","10"
"343",4,7,NA,"P","67"
"344",12,13,NA,"P","60"
"345",9,8,NA,"P","63"
"346",14,15,NA,"P","73"
"347",13,15,NA,"P","43"
"348",4,2,NA,"P","23"
"349",14,15,NA,"P","14"
"350",8,4,NA,"P","43"
"351",8,14,NA,"P","4"
"352",14,15,NA,"P","15"
"353",1,2,NA,"P","28"
"354",10,11,NA,"P","2"
"355",4,10,NA,"P","7"
"356",12,16,NA,"P","56"
"357",8,10,NA,"P","15"
"358",5,2,NA,"P","79"
"359",4,8,NA,"P","53"
"360",7,6,NA,"P","15"
"361",10,14,NA,"P","53"
"362",13,17,NA,"P","40"
"363",15,16,NA,"P","7"
"364",1,5,NA,"P","73"
"365",14,17,NA,"P","35"
"366",5,2,NA,"P","7"
"367",10,10,NA,"P","69"
"368",9,12,NA,"P","73"
"369",8,12,NA,"P","7"
"370",4,5,NA,"P","30"
"371",4,4,NA,"P","24"
"372",15,17,NA,"P","64"
"373",15,15,NA,"P","17"
"374",13,16,NA,"P","64"
"375",9,11,NA,"P","17"
"376",5,2,NA,"P","24"
"377",8,12,NA,"P","1"
"378",15,17,NA,"P","29"
"379",1,6,NA,"P","42"
"380",15,17,NA,"P","10"
"381",11,12,NA,"P","23"
"382",13,15,NA,"P","43"
"383",6,4,NA,"P","69"
"384",3,4,NA,"P","28"
"385",5,4,NA,"P","74"
"386",4,5,NA,"P","76"
"387",12,12,NA,"P","56"
"388",2,3,NA,"P","6"
"389",15,14,NA,"P","69"
"390",9,12,NA,"P","23"
"391",5,3,NA,"P","38"
"392",4,3,NA,"P","76"
"393",12,11,NA,"P","77"
"394",12,16,NA,"P","56"
"395",3,4,NA,"P","63"
"396",7,7,NA,"P","8"
"397",2,4,NA,"P","79"
"398",8,8,NA,"P","1"
"399",5,4,NA,"P","68"
"400",3,3,NA,"P","24"
"401",9,8,NA,"P","42"
"402",10,9,NA,"P","76"
"403",9,11,NA,"P","56"
"404",10,10,NA,"P","14"
"405",10,13,NA,"P","64"
"406",3,3,NA,"P","16"
"407",14,15,NA,"P","64"
"408",5,5,NA,"P","8"
"409",12,17,NA,"P","15"
"410",14,17,NA,"P","64"
"411",12,17,NA,"P","73"
"412",15,15,NA,"P","43"
"413",8,9,NA,"P","39"
"414",15,14,NA,"P","70"
"415",15,16,NA,"P","32"
"416",11,12,NA,"P","14"
"417",4,6,NA,"P","64"
"418",4,2,NA,"P","79"
"419",11,14,NA,"P","10"
"420",5,4,NA,"P","43"
"421",4,7,NA,"P","16"
"422",4,8,NA,"P","2"
"423",6,11,NA,"P","41"
"424",11,13,NA,"P","53"
"425",13,8,NA,"P","76"
"426",8,5,NA,"P","39"
"427",14,14,NA,"P","69"
"428",14,16,NA,"P","77"
"429",14,16,NA,"P","76"
"430",7,11,NA,"P","17"
"431",7,9,NA,"P","69"
"432",15,15,NA,"P","10"
"433",5,6,NA,"P","60"
"434",6,7,NA,"P","28"
"435",7,12,NA,"P","41"
"436",11,15,NA,"P","69"
"437",8,14,NA,"P","15"
"438",9,14,NA,"P","6"
"439",14,14,NA,"P","64"
"440",11,12,NA,"P","63"
"441",9,9,NA,"P","39"
"442",7,4,NA,"P","24"
"443",3,1,NA,"P","76"
"444",8,9,NA,"P","74"
"445",10,5,NA,"P","38"
"446",6,6,NA,"P","42"
"447",7,4,NA,"P","6"
"448",3,5,NA,"P","16"
"449",8,8,NA,"P","69"
"450",1,2,NA,"P","24"
"451",11,9,NA,"P","30"
"452",8,6,NA,"P","1"
"453",14,16,NA,"P","63"
"454",9,4,NA,"P","24"
"455",0,3,NA,"P","16"
"456",1,1,NA,"P","42"
"457",3,2,NA,"P","24"
"458",8,8,NA,"P","40"
"459",11,9,NA,"P","1"
"460",8,8,NA,"P","17"
"461",8,8,NA,"P","77"
"462",7,5,NA,"P","29"
"463",15,13,NA,"P","35"
"464",12,12,NA,"P","28"
"465",2,3,NA,"P","70"
"466",14,17,NA,"P","60"
"467",6,7,NA,"P","43"
"468",9,13,NA,"P","29"
"469",7,3,NA,"P","60"
"470",11,11,NA,"P","73"
"471",6,6,NA,"P","74"
"472",13,14,NA,"P","64"
"473",3,1,NA,"P","14"
"474",11,11,NA,"P","73"
"475",5,7,NA,"P","1"
"476",6,5,NA,"P","1"
"477",8,12,NA,"P","69"
"478",11,14,NA,"P","69"
"479",12,15,NA,"P","70"
"480",4,4,NA,"P","28"
"481",13,17,NA,"P","23"
"482",4,4,NA,"P","40"
"483",13,12,NA,"P","60"
"484",9,7,NA,"P","1"
"485",11,8,NA,"P","43"
"486",4,4,NA,"P","70"
"487",12,10,NA,"P","35"
"488",7,6,NA,"P","43"
"489",11,10,NA,"P","4"
"490",13,12,NA,"P","23"
"491",9,8,NA,"P","79"
"492",12,16,NA,"P","42"
"493",9,13,NA,"P","7"
"494",10,6,NA,"P","39"
"495",15,15,NA,"P","28"
"496",4,4,NA,"P","79"
"497",10,10,NA,"P","65"
"498",7,6,NA,"P","67"
"499",3,1,NA,"P","16"
"500",5,4,NA,"P","3"
"501",4,5,NA,"P","73"
"502",6,3,NA,"P","40"
"503",14,10,NA,"P","35"
"504",6,9,NA,"P","69"
"505",9,12,NA,"P","35"
"506",14,15,NA,"P","64"
"507",10,14,NA,"P","17"
"508",8,6,NA,"P","42"
"509",5,5,NA,"P","28"
"510",12,14,NA,"P","69"
"511",14,15,NA,"P","64"
"512",12,12,NA,"P","53"
"513",10,8,NA,"P","53"
"514",10,11,NA,"P","15"
"515",6,6,NA,"P","30"
"516",11,13,NA,"P","41"
"517",10,15,NA,"P","65"
"518",9,13,NA,"P","2"
"519",11,15,NA,"P","69"
"520",3,4,NA,"P","16"
"521",2,7,NA,"P","7"
"522",2,2,NA,"P","40"
"523",5,6,NA,"P","8"
"524",8,7,NA,"P","74"
"525",9,5,NA,"P","68"
"526",5,4,NA,"P","68"
"527",11,10,NA,"P","6"
"528",5,9,NA,"P","56"
"529",4,2,NA,"P","23"
"530",9,8,NA,"P","23"
"531",13,12,NA,"P","73"
"532",5,3,NA,"P","16"
"533",7,4,NA,"P","38"
"534",1,3,NA,"P","3"
"535",11,7,NA,"P","79"
"536",7,2,NA,"P","3"
"537",10,14,NA,"P","69"
"538",4,8,NA,"P","15"
"539",10,9,NA,"P","43"
"540",12,14,NA,"P","64"
"541",5,4,NA,"P","79"
"542",10,9,NA,"P","63"
"543",3,11,NA,"P","28"
"544",7,3,NA,"P","4"
"545",10,6,NA,"P","15"
"546",14,15,NA,"P","60"
"547",14,13,NA,"P","10"
"548",8,8,NA,"P","67"
"549",15,15,NA,"P","24"
"550",12,17,NA,"P","56"
"551",14,17,NA,"P","65"
"552",9,13,NA,"P","1"
"553",4,4,NA,"P","29"
"554",3,4,NA,"P","16"
"555",11,13,NA,"P","14"
"556",8,12,NA,"P","17"
"557",15,15,NA,"P","10"
"558",8,11,NA,"P","39"
"559",10,13,NA,"P","60"
"560",8,15,NA,"P","4"
"561",9,11,NA,"P","30"
"562",3,2,NA,"P","69"
"563",10,13,NA,"P","6"
"564",7,5,NA,"P","39"
"565",4,4,NA,"P","38"
"566",11,14,NA,"P","17"
"567",4,2,NA,"P","29"
"568",13,15,NA,"P","4"
"569",4,5,NA,"P","74"
"570",4,7,NA,"P","40"
"571",3,3,NA,"P","70"
"572",11,13,NA,"P","39"
"573",10,7,NA,"P","35"
"574",5,7,NA,"P","60"
"575",3,4,NA,"P","23"
"576",7,6,NA,"P","39"
"577",8,5,NA,"P","1"
"578",6,5,NA,"P","79"
"579",8,14,NA,"P","10"
"580",10,6,NA,"P","29"
"581",14,13,NA,"P","77"
"582",10,13,NA,"P","2"
"583",4,1,NA,"P","74"
"584",10,13,NA,"P","4"
"585",12,9,NA,"P","29"
"586",5,5,NA,"P","76"
"587",9,14,NA,"P","73"
"588",5,10,NA,"P","43"
"589",6,7,NA,"P","30"
"590",1,3,NA,"P","16"
"591",11,15,NA,"P","56"
"592",15,16,NA,"P","23"
"593",13,14,NA,"P","69"
"594",8,11,NA,"P","42"
"595",12,15,NA,"P","56"
"596",1,1,NA,"P","15"
"597",4,4,NA,"P","73"
"598",13,17,NA,"P","41"
"599",12,10,NA,"P","41"
"600",12,17,NA,"P","10"
"601",5,9,NA,"P","68"
"602",13,15,NA,"P","41"
"603",5,4,NA,"P","63"
"604",6,3,NA,"P","63"
"605",5,3,NA,"P","6"
"606",8,3,NA,"P","63"
"607",11,12,NA,"P","17"
"608",8,8,NA,"P","42"
"609",6,4,NA,"P","16"
"610",5,5,NA,"P","74"
"611",10,6,NA,"P","63"
"612",4,3,NA,"P","69"
"613",15,14,NA,"P","60"
"614",6,7,NA,"P","43"
"615",9,10,NA,"P","76"
"616",4,14,NA,"P","29"
"617",6,10,NA,"P","2"
"618",15,17,NA,"P","64"
"619",4,3,NA,"P","7"
"620",9,9,NA,"P","29"
"621",4,4,NA,"P","38"
"622",2,3,NA,"P","3"
"623",11,7,NA,"P","39"
"624",1,1,NA,"P","69"
"625",8,2,NA,"P","68"
"626",4,3,NA,"P","8"
"627",12,14,NA,"P","15"
"628",10,7,NA,"P","7"
"629",9,13,NA,"P","15"
"630",9,7,NA,"P","69"
"631",14,15,NA,"P","32"
"632",14,13,NA,"P","28"
"633",13,13,NA,"P","10"
"634",0,3,NA,"P","67"
"635",1,4,NA,"P","69"
"636",8,11,NA,"P","39"
"637",10,14,NA,"P","7"
"638",5,6,NA,"P","76"
"639",14,16,NA,"P","23"
"640",9,9,NA,"P","70"
"641",8,12,NA,"P","56"
"642",4,3,NA,"P","23"
"643",10,12,NA,"P","2"
"644",14,13,NA,"P","64"
"645",10,8,NA,"P","24"
"646",14,15,NA,"P","73"
"647",3,3,NA,"P","24"
"648",10,14,NA,"P","67"
"649",13,15,NA,"P","56"
"650",13,12,NA,"P","56"
"651",12,7,NA,"P","1"
"652",3,6,NA,"P","76"
"653",13,17,NA,"P","64"
"654",12,16,NA,"P","64"
"655",6,4,NA,"P","74"
"656",11,15,NA,"P","65"
"657",2,0,NA,"P","38"
"658",9,14,NA,"P","64"
"659",11,12,NA,"P","14"
"660",9,10,NA,"P","7"
"661",2,6,NA,"P","8"
"662",3,3,NA,"P","8"
"663",7,7,NA,"P","43"
"664",12,13,NA,"P","14"
"665",2,1,NA,"P","8"
"666",11,13,NA,"P","60"
"667",2,3,NA,"P","74"
"668",3,3,NA,"P","14"
"669",7,4,NA,"P","39"
"670",9,7,NA,"P","6"
"671",13,15,NA,"P","60"
"672",10,15,NA,"P","60"
"673",4,7,NA,"P","74"
"674",9,10,NA,"P","6"
"675",2,2,NA,"P","69"
"676",6,2,NA,"P","53"
"677",9,10,NA,"P","69"
"678",4,7,NA,"P","38"
"679",11,16,NA,"P","60"
"680",5,5,NA,"P","40"
"681",7,7,NA,"P","73"
"682",7,12,NA,"P","14"
"683",7,6,NA,"P","67"
"684",7,10,NA,"P","2"
"685",6,5,NA,"P","16"
"686",5,9,NA,"P","43"
"687",9,8,NA,"P","35"
"688",8,6,NA,"P","77"
"689",12,11,NA,"P","15"
"690",1,1,NA,"P","76"
"691",9,12,NA,"P","77"
"692",4,10,NA,"P","76"
"693",11,16,NA,"P","53"
"694",6,5,NA,"P","77"
"695",6,7,NA,"P","4"
"696",13,15,NA,"P","7"
"697",2,4,NA,"P","65"
"698",6,4,NA,"P","67"
"699",12,15,NA,"P","23"
"700",12,17,NA,"P","8"
"701",14,11,NA,"P","56"
"702",9,8,NA,"P","69"
"703",10,13,NA,"P","17"
"704",11,15,NA,"P","17"
"705",5,2,NA,"P","8"
"706",7,12,NA,"P","17"
"707",14,17,NA,"P","77"
"708",8,14,NA,"P","35"
"709",5,3,NA,"P","42"
"710",4,5,NA,"P","3"
"711",11,15,NA,"P","2"
"712",2,1,NA,"P","15"
"713",7,7,NA,"P","40"
"714",14,16,NA,"P","65"
"715",12,14,NA,"P","43"
"716",11,13,NA,"P","42"
"717",11,13,NA,"P","41"
"718",15,12,NA,"P","35"
"719",9,11,NA,"P","17"
"720",9,13,NA,"P","70"
"721",8,11,NA,"P","38"
"722",11,11,NA,"P","35"
"723",3,2,NA,"P","39"
"724",1,5,NA,"P","74"
"725",4,3,NA,"P","74"
"726",5,5,NA,"P","28"
"727",11,13,NA,"P","41"
"728",13,15,NA,"P","10"
"729",13,16,NA,"P","28"
"730",7,4,NA,"P","23"
"731",5,8,NA,"P","42"
"732",10,11,NA,"P","23"
"733",12,15,NA,"P","53"
"734",9,8,NA,"P","70"
"735",11,14,NA,"P","6"
"736",9,14,NA,"P","60"
"737",11,8,NA,"P","42"
"738",9,16,NA,"P","40"
"739",10,6,NA,"P","30"
"740",5,4,NA,"P","39"
"741",11,8,NA,"P","74"
"742",13,15,NA,"P","53"
"743",9,12,NA,"P","69"
"744",10,7,NA,"P","41"
"745",3,2,NA,"P","3"
"746",7,8,NA,"P","28"
"747",8,9,NA,"P","23"
"748",5,5,NA,"P","40"
"749",7,2,NA,"P","67"
"750",11,16,NA,"P","10"
"751",5,9,NA,"P","67"
"752",1,4,NA,"P","38"
"753",15,12,NA,"P","56"
"754",5,1,NA,"P","68"
"755",8,7,NA,"P","70"
"756",15,16,NA,"P","65"
"757",8,7,NA,"P","74"
"758",3,1,NA,"P","42"
"759",6,7,NA,"P","63"
"760",4,7,NA,"P","28"
"761",13,15,NA,"P","64"
"762",12,13,NA,"P","64"
"763",9,6,NA,"P","14"
"764",9,7,NA,"P","38"
"765",3,2,NA,"P","8"
"766",15,16,NA,"P","10"
"767",10,14,NA,"P","1"
"768",11,14,NA,"P","6"
"769",11,13,NA,"P","39"
"770",7,12,NA,"P","63"
"771",6,4,NA,"P","68"
"772",12,13,NA,"P","10"
"773",9,10,NA,"P","53"
"774",11,16,NA,"P","7"
"775",8,13,NA,"P","6"
"776",10,14,NA,"P","60"
"777",9,11,NA,"P","2"
"778",12,8,NA,"P","70"
"779",5,8,NA,"P","17"
"780",13,16,NA,"P","56"
"781",13,16,NA,"P","77"
"782",12,13,NA,"P","4"
"783",12,13,NA,"P","41"
"784",2,3,NA,"P","69"
"785",2,5,NA,"P","77"
"786",7,6,NA,"P","7"
"787",14,14,NA,"P","2"
"788",10,11,NA,"P","65"
"789",14,13,NA,"P","35"
"790",8,8,NA,"P","28"
"791",6,4,NA,"P","24"
"792",10,10,NA,"P","39"
"793",4,8,NA,"P","24"
"794",4,0,NA,"P","70"
"795",10,6,NA,"P","3"
"796",13,16,NA,"P","77"
"797",2,2,NA,"P","7"
"798",6,9,NA,"P","15"
"799",2,2,NA,"P","16"
"800",7,4,NA,"P","79"
"801",4,5,NA,"P","14"
"802",13,15,NA,"P","73"
"803",11,13,NA,"P","73"
"804",2,2,NA,"P","63"
"805",13,16,NA,"P","10"
"806",10,12,NA,"P","69"
"807",7,7,NA,"P","6"
"808",14,16,NA,"P","56"
"809",8,10,NA,"P","17"
"810",6,5,NA,"P","6"
"811",13,16,NA,"P","69"
"812",11,11,NA,"P","73"
"813",9,12,NA,"P","53"
"814",10,14,NA,"P","53"
"815",7,9,NA,"P","4"
"816",3,1,NA,"P","76"
"817",11,10,NA,"P","53"
"818",5,5,NA,"P","77"
"819",2,4,NA,"P","16"
"820",13,15,NA,"P","64"
"821",14,11,NA,"P","69"
"822",8,8,NA,"P","14"
"823",11,12,NA,"P","56"
"824",11,9,NA,"P","35"
"825",8,10,NA,"P","35"
"826",14,16,NA,"P","10"
"827",7,6,NA,"P","32"
"828",3,2,NA,"P","23"
"829",9,11,NA,"P","63"
"830",15,15,NA,"P","10"
"831",9,9,NA,"P","39"
"832",4,3,NA,"P","74"
"833",5,0,NA,"P","8"
"834",6,12,NA,"P","43"
"835",6,4,NA,"P","77"
"836",11,12,NA,"P","1"
"837",8,10,NA,"P","2"
"838",14,15,NA,"P","29"
"839",12,17,NA,"P","15"
"840",12,14,NA,"P","4"
"841",12,7,NA,"P","39"
"842",15,17,NA,"P","32"
"843",13,11,NA,"P","53"
"844",10,1,NA,"P","43"
"845",4,6,NA,"P","1"
"846",13,14,NA,"P","41"
"847",7,11,NA,"P","32"
"848",2,2,NA,"P","16"
"849",4,3,NA,"P","30"
"850",5,5,NA,"P","1"
"851",5,6,NA,"P","3"
"852",1,3,NA,"P","70"
"853",2,5,NA,"P","67"
"854",7,5,NA,"P","79"
"855",7,6,NA,"P","1"
"856",6,7,NA,"P","67"
"857",4,7,NA,"P","70"
"858",13,17,NA,"P","63"
"859",11,9,NA,"P","15"
"860",8,7,NA,"P","65"
"861",10,13,NA,"P","73"
"862",5,4,NA,"P","24"
"863",7,7,NA,"P","56"
"864",9,12,NA,"P","73"
"865",12,13,NA,"P","43"
"866",15,15,NA,"P","64"
"867",2,3,NA,"P","38"
"868",5,4,NA,"P","3"
"869",6,14,NA,"P","40"
"870",6,4,NA,"P","69"
"871",14,14,NA,"P","64"
"872",7,17,NA,"P","32"
"873",5,6,NA,"P","67"
"874",13,8,NA,"P","69"
"875",11,11,NA,"P","65"
"876",11,12,NA,"P","73"
"877",10,9,NA,"P","24"
"878",NA,6,7,"Q","57"
"879",NA,8,10,"Q","34"
"880",NA,3,3,"Q","55"
"881",NA,15,15,"Q","50"
"882",NA,11,6,"Q","75"
"883",NA,15,16,"Q","59"
"884",NA,1,1,"Q","58"
"885",NA,10,7,"Q","71"
"886",NA,13,10,"Q","5"
"887",NA,5,3,"Q","72"
"888",NA,5,2,"Q","37"
"889",NA,1,4,"Q","21"
"890",NA,13,5,"Q","44"
"891",NA,0,2,"Q","36"
"892",NA,3,3,"Q","66"
"893",NA,3,4,"Q","49"
"894",NA,3,4,"Q","78"
"895",NA,16,13,"Q","18"
"896",NA,7,5,"Q","12"
"897",NA,16,7,"Q","75"
"898",NA,9,7,"Q","61"
"899",NA,14,5,"Q","58"
"900",NA,10,9,"Q","66"
"901",NA,14,11,"Q","13"
"902",NA,5,3,"Q","48"
"903",NA,7,5,"Q","34"
"904",NA,12,10,"Q","22"
"905",NA,3,6,"Q","55"
"906",NA,3,2,"Q","36"
"907",NA,15,16,"Q","18"
"908",NA,12,2,"Q","33"
"909",NA,7,4,"Q","11"
"910",NA,5,5,"Q","27"
"911",NA,0,3,"Q","12"
"912",NA,5,4,"Q","33"
"913",NA,12,7,"Q","47"
"914",NA,17,15,"Q","59"
"915",NA,11,3,"Q","54"
"916",NA,12,4,"Q","18"
"917",NA,4,4,"Q","37"
"918",NA,11,9,"Q","18"
"919",NA,7,7,"Q","45"
"920",NA,16,15,"Q","33"
"921",NA,13,8,"Q","80"
"922",NA,15,10,"Q","78"
"923",NA,17,15,"Q","44"
"924",NA,8,3,"Q","61"
"925",NA,4,3,"Q","49"
"926",NA,15,12,"Q","80"
"927",NA,8,2,"Q","11"
"928",NA,4,3,"Q","20"
"929",NA,6,8,"Q","55"
"930",NA,4,5,"Q","26"
"931",NA,3,5,"Q","52"
"932",NA,2,3,"Q","66"
"933",NA,4,5,"Q","27"
"934",NA,9,5,"Q","31"
"935",NA,15,13,"Q","20"
"936",NA,4,2,"Q","31"
"937",NA,4,8,"Q","22"
"938",NA,1,2,"Q","58"
"939",NA,17,15,"Q","59"
"940",NA,6,3,"Q","66"
"941",NA,14,8,"Q","20"
"942",NA,3,5,"Q","37"
"943",NA,6,2,"Q","54"
"944",NA,7,2,"Q","20"
"945",NA,5,3,"Q","27"
"946",NA,10,8,"Q","21"
"947",NA,12,8,"Q","37"
"948",NA,4,4,"Q","21"
"949",NA,0,6,"Q","36"
"950",NA,7,5,"Q","80"
"951",NA,3,2,"Q","49"
"952",NA,13,13,"Q","22"
"953",NA,4,4,"Q","54"
"954",NA,4,3,"Q","37"
"955",NA,9,14,"Q","13"
"956",NA,14,12,"Q","51"
"957",NA,12,9,"Q","61"
"958",NA,11,7,"Q","33"
"959",NA,1,3,"Q","12"
"960",NA,7,3,"Q","78"
"961",NA,3,1,"Q","19"
"962",NA,3,3,"Q","21"
"963",NA,4,2,"Q","44"
"964",NA,15,14,"Q","51"
"965",NA,7,4,"Q","57"
"966",NA,9,6,"Q","62"
"967",NA,14,11,"Q","37"
"968",NA,2,4,"Q","44"
"969",NA,3,4,"Q","44"
"970",NA,5,5,"Q","12"
"971",NA,3,5,"Q","52"
"972",NA,17,15,"Q","18"
"973",NA,16,14,"Q","51"
"974",NA,10,12,"Q","31"
"975",NA,9,6,"Q","78"
"976",NA,4,2,"Q","55"
"977",NA,2,3,"Q","46"
"978",NA,7,7,"Q","31"
"979",NA,11,12,"Q","18"
"980",NA,5,2,"Q","5"
"981",NA,11,6,"Q","22"
"982",NA,4,2,"Q","78"
"983",NA,9,7,"Q","61"
"984",NA,12,11,"Q","5"
"985",NA,6,7,"Q","55"
"986",NA,12,12,"Q","51"
"987",NA,17,16,"Q","71"
"988",NA,9,5,"Q","25"
"989",NA,14,9,"Q","78"
"990",NA,14,10,"Q","11"
"991",NA,3,4,"Q","61"
"992",NA,1,3,"Q","58"
"993",NA,8,5,"Q","11"
"994",NA,1,3,"Q","49"
"995",NA,14,12,"Q","75"
"996",NA,16,13,"Q","59"
"997",NA,13,8,"Q","57"
"998",NA,13,6,"Q","75"
"999",NA,5,2,"Q","33"
"1000",NA,12,13,"Q","33"
"1001",NA,3,3,"Q","45"
"1002",NA,4,4,"Q","5"
"1003",NA,12,11,"Q","61"
"1004",NA,13,10,"Q","75"
"1005",NA,2,3,"Q","20"
"1006",NA,4,1,"Q","44"
"1007",NA,9,0,"Q","58"
"1008",NA,2,1,"Q","27"
"1009",NA,7,6,"Q","62"
"1010",NA,4,4,"Q","72"
"1011",NA,4,3,"Q","12"
"1012",NA,5,1,"Q","54"
"1013",NA,2,5,"Q","49"
"1014",NA,16,8,"Q","62"
"1015",NA,14,12,"Q","52"
"1016",NA,9,11,"Q","33"
"1017",NA,14,15,"Q","59"
"1018",NA,3,4,"Q","80"
"1019",NA,5,5,"Q","54"
"1020",NA,11,5,"Q","5"
"1021",NA,4,3,"Q","49"
"1022",NA,7,6,"Q","58"
"1023",NA,17,16,"Q","18"
"1024",NA,17,16,"Q","59"
"1025",NA,3,3,"Q","44"
"1026",NA,3,7,"Q","19"
"1027",NA,15,16,"Q","51"
"1028",NA,9,4,"Q","31"
"1029",NA,13,8,"Q","66"
"1030",NA,9,5,"Q","54"
"1031",NA,10,12,"Q","5"
"1032",NA,4,6,"Q","46"
"1033",NA,8,7,"Q","57"
"1034",NA,3,4,"Q","54"
"1035",NA,1,2,"Q","49"
"1036",NA,11,9,"Q","50"
"1037",NA,13,4,"Q","34"
"1038",NA,13,15,"Q","51"
"1039",NA,5,3,"Q","61"
"1040",NA,13,7,"Q","11"
"1041",NA,3,4,"Q","45"
"1042",NA,15,12,"Q","36"
"1043",NA,15,16,"Q","59"
"1044",NA,3,5,"Q","12"
"1045",NA,10,5,"Q","13"
"1046",NA,11,8,"Q","62"
"1047",NA,6,4,"Q","71"
"1048",NA,6,9,"Q","57"
"1049",NA,5,2,"Q","44"
"1050",NA,4,2,"Q","55"
"1051",NA,6,3,"Q","47"
"1052",NA,5,2,"Q","72"
"1053",NA,16,16,"Q","31"
"1054",NA,5,5,"Q","45"
"1055",NA,6,2,"Q","58"
"1056",NA,15,13,"Q","13"
"1057",NA,11,8,"Q","45"
"1058",NA,1,1,"Q","12"
"1059",NA,9,2,"Q","45"
"1060",NA,2,3,"Q","36"
"1061",NA,3,4,"Q","55"
"1062",NA,15,15,"Q","18"
"1063",NA,2,3,"Q","25"
"1064",NA,14,12,"Q","22"
"1065",NA,17,16,"Q","59"
"1066",NA,14,15,"Q","51"
"1067",NA,7,7,"Q","25"
"1068",NA,2,1,"Q","12"
"1069",NA,4,4,"Q","34"
"1070",NA,5,8,"Q","19"
"1071",NA,4,3,"Q","45"
"1072",NA,16,11,"Q","34"
"1073",NA,7,6,"Q","25"
"1074",NA,13,14,"Q","33"
"1075",NA,12,8,"Q","11"
"1076",NA,13,10,"Q","75"
"1077",NA,9,6,"Q","75"
"1078",NA,6,7,"Q","52"
"1079",NA,13,10,"Q","80"
"1080",NA,7,3,"Q","55"
"1081",NA,17,15,"Q","13"
"1082",NA,5,7,"Q","9"
"1083",NA,13,14,"Q","57"
"1084",NA,8,5,"Q","61"
"1085",NA,14,6,"Q","62"
"1086",NA,8,5,"Q","78"
"1087",NA,4,6,"Q","22"
"1088",NA,8,10,"Q","57"
"1089",NA,3,1,"Q","46"
"1090",NA,13,8,"Q","75"
"1091",NA,14,13,"Q","5"
"1092",NA,5,3,"Q","45"
"1093",NA,7,6,"Q","11"
"1094",NA,9,5,"Q","57"
"1095",NA,15,15,"Q","62"
"1096",NA,9,3,"Q","58"
"1097",NA,7,4,"Q","47"
"1098",NA,7,9,"Q","50"
"1099",NA,11,8,"Q","36"
"1100",NA,11,6,"Q","5"
"1101",NA,6,3,"Q","51"
"1102",NA,10,7,"Q","25"
"1103",NA,7,9,"Q","72"
"1104",NA,15,15,"Q","31"
"1105",NA,14,6,"Q","80"
"1106",NA,0,3,"Q","48"
"1107",NA,11,9,"Q","71"
"1108",NA,12,10,"Q","66"
"1109",NA,5,4,"Q","54"
"1110",NA,6,6,"Q","47"
"1111",NA,5,2,"Q","78"
"1112",NA,8,2,"Q","71"
"1113",NA,16,10,"Q","13"
"1114",NA,5,3,"Q","57"
"1115",NA,7,4,"Q","48"
"1116",NA,17,16,"Q","51"
"1117",NA,0,3,"Q","26"
"1118",NA,11,12,"Q","71"
"1119",NA,4,2,"Q","57"
"1120",NA,13,6,"Q","18"
"1121",NA,3,0,"Q","20"
"1122",NA,17,16,"Q","59"
"1123",NA,3,0,"Q","11"
"1124",NA,5,5,"Q","25"
"1125",NA,15,9,"Q","47"
"1126",NA,17,14,"Q","18"
"1127",NA,8,7,"Q","31"
"1128",NA,12,11,"Q","20"
"1129",NA,13,9,"Q","34"
"1130",NA,1,4,"Q","66"
"1131",NA,2,2,"Q","49"
"1132",NA,9,9,"Q","11"
"1133",NA,15,9,"Q","71"
"1134",NA,2,2,"Q","27"
"1135",NA,2,3,"Q","12"
"1136",NA,4,2,"Q","50"
"1137",NA,6,3,"Q","80"
"1138",NA,3,1,"Q","21"
"1139",NA,7,5,"Q","71"
"1140",NA,4,4,"Q","9"
"1141",NA,4,3,"Q","25"
"1142",NA,6,8,"Q","62"
"1143",NA,12,4,"Q","78"
"1144",NA,6,6,"Q","52"
"1145",NA,1,1,"Q","71"
"1146",NA,3,4,"Q","52"
"1147",NA,12,12,"Q","18"
"1148",NA,14,11,"Q","22"
"1149",NA,10,6,"Q","22"
"1150",NA,4,4,"Q","71"
"1151",NA,3,4,"Q","12"
"1152",NA,16,14,"Q","13"
"1153",NA,12,7,"Q","19"
"1154",NA,3,2,"Q","21"
"1155",NA,10,2,"Q","57"
"1156",NA,15,11,"Q","51"
"1157",NA,4,5,"Q","48"
"1158",NA,8,6,"Q","12"
"1159",NA,8,5,"Q","19"
"1160",NA,16,10,"Q","61"
"1161",NA,3,6,"Q","19"
"1162",NA,3,3,"Q","55"
"1163",NA,12,12,"Q","54"
"1164",NA,15,11,"Q","61"
"1165",NA,7,3,"Q","55"
"1166",NA,9,7,"Q","37"
"1167",NA,1,5,"Q","78"
"1168",NA,4,4,"Q","22"
"1169",NA,5,5,"Q","26"
"1170",NA,2,3,"Q","66"
"1171",NA,12,8,"Q","75"
"1172",NA,15,13,"Q","51"
"1173",NA,13,7,"Q","80"
"1174",NA,10,8,"Q","11"
"1175",NA,11,8,"Q","13"
"1176",NA,2,2,"Q","54"
"1177",NA,13,15,"Q","18"
"1178",NA,12,15,"Q","33"
"1179",NA,14,11,"Q","72"
"1180",NA,8,4,"Q","19"
"1181",NA,15,9,"Q","61"
"1182",NA,2,1,"Q","27"
"1183",NA,11,8,"Q","50"
"1184",NA,10,8,"Q","50"
"1185",NA,13,7,"Q","46"
"1186",NA,15,8,"Q","57"
"1187",NA,4,6,"Q","45"
"1188",NA,10,7,"Q","19"
"1189",NA,17,15,"Q","59"
"1190",NA,13,10,"Q","22"
"1191",NA,2,3,"Q","55"
"1192",NA,5,6,"Q","25"
"1193",NA,10,7,"Q","62"
"1194",NA,16,16,"Q","59"
"1195",NA,8,9,"Q","31"
"1196",NA,14,9,"Q","52"
"1197",NA,7,6,"Q","21"
"1198",NA,7,3,"Q","37"
"1199",NA,14,5,"Q","31"
"1200",NA,5,1,"Q","48"
"1201",NA,8,7,"Q","33"
"1202",NA,10,3,"Q","20"
"1203",NA,6,6,"Q","12"
"1204",NA,2,0,"Q","44"
"1205",NA,4,1,"Q","46"
"1206",NA,10,8,"Q","75"
"1207",NA,11,8,"Q","75"
"1208",NA,2,4,"Q","21"
"1209",NA,8,7,"Q","19"
"1210",NA,2,3,"Q","26"
"1211",NA,6,4,"Q","34"
"1212",NA,10,4,"Q","78"
"1213",NA,10,13,"Q","37"
"1214",NA,0,3,"Q","52"
"1215",NA,13,13,"Q","57"
"1216",NA,2,4,"Q","27"
"1217",NA,6,4,"Q","9"
"1218",NA,10,4,"Q","13"
"1219",NA,2,3,"Q","47"
"1220",NA,13,13,"Q","13"
"1221",NA,7,4,"Q","36"
"1222",NA,13,12,"Q","5"
"1223",NA,14,14,"Q","9"
"1224",NA,3,4,"Q","27"
"1225",NA,3,4,"Q","44"
"1226",NA,15,13,"Q","34"
"1227",NA,13,8,"Q","71"
"1228",NA,15,10,"Q","62"
"1229",NA,8,5,"Q","46"
"1230",NA,3,2,"Q","27"
"1231",NA,4,7,"Q","72"
"1232",NA,15,9,"Q","78"
"1233",NA,10,6,"Q","34"
"1234",NA,7,8,"Q","54"
"1235",NA,13,8,"Q","61"
"1236",NA,11,8,"Q","57"
"1237",NA,7,8,"Q","72"
"1238",NA,10,9,"Q","27"
"1239",NA,11,5,"Q","11"
"1240",NA,11,8,"Q","21"
"1241",NA,11,9,"Q","47"
"1242",NA,4,3,"Q","37"
"1243",NA,13,10,"Q","13"
"1244",NA,7,7,"Q","58"
"1245",NA,13,10,"Q","80"
"1246",NA,7,3,"Q","49"
"1247",NA,1,2,"Q","54"
"1248",NA,5,5,"Q","71"
"1249",NA,3,4,"Q","48"
"1250",NA,6,6,"Q","36"
"1251",NA,4,1,"Q","48"
"1252",NA,5,3,"Q","66"
"1253",NA,5,4,"Q","37"
"1254",NA,9,4,"Q","45"
"1255",NA,7,6,"Q","22"
"1256",NA,11,8,"Q","62"
"1257",NA,16,9,"Q","61"
"1258",NA,16,15,"Q","57"
"1259",NA,12,12,"Q","50"
"1260",NA,17,11,"Q","9"
"1261",NA,15,12,"Q","13"
"1262",NA,12,9,"Q","13"
"1263",NA,14,16,"Q","18"
"1264",NA,2,1,"Q","37"
"1265",NA,5,2,"Q","18"
"1266",NA,6,5,"Q","49"
"1267",NA,7,9,"Q","71"
"1268",NA,16,13,"Q","59"
"1269",NA,8,6,"Q","34"
"1270",NA,14,12,"Q","47"
"1271",NA,7,1,"Q","33"
"1272",NA,4,3,"Q","22"
"1273",NA,12,5,"Q","75"
"1274",NA,1,3,"Q","20"
"1275",NA,14,9,"Q","62"
"1276",NA,8,4,"Q","34"
"1277",NA,5,5,"Q","9"
"1278",NA,14,13,"Q","78"
"1279",NA,7,5,"Q","52"
"1280",NA,9,5,"Q","52"
"1281",NA,3,7,"Q","13"
"1282",NA,14,14,"Q","51"
"1283",NA,4,1,"Q","27"
"1284",NA,2,2,"Q","78"
"1285",NA,8,3,"Q","57"
"1286",NA,7,7,"Q","19"
"1287",NA,5,3,"Q","31"
"1288",NA,5,7,"Q","44"
"1289",NA,8,7,"Q","47"
"1290",NA,4,3,"Q","27"
"1291",NA,7,6,"Q","80"
"1292",NA,1,2,"Q","58"
"1293",NA,3,3,"Q","46"
"1294",NA,5,5,"Q","72"
"1295",NA,2,2,"Q","12"
"1296",NA,15,16,"Q","57"
"1297",NA,16,16,"Q","59"
"1298",NA,7,4,"Q","11"
"1299",NA,11,6,"Q","72"
"1300",NA,13,15,"Q","5"
"1301",NA,9,7,"Q","13"
"1302",NA,11,4,"Q","13"
"1303",NA,4,4,"Q","48"
"1304",NA,3,5,"Q","21"
"1305",NA,8,2,"Q","45"
"1306",NA,14,13,"Q","51"
"1307",NA,3,6,"Q","52"
"1308",NA,13,4,"Q","61"
"1309",NA,13,13,"Q","34"
"1310",NA,4,2,"Q","71"
"1311",NA,17,12,"Q","33"
"1312",NA,7,6,"Q","11"
"1313",NA,2,2,"Q","46"
"1314",NA,15,15,"Q","37"
"1315",NA,11,9,"Q","78"
"1316",NA,7,9,"Q","37"
"1317",NA,14,14,"Q","25"
"1318",NA,14,9,"Q","31"
"1319",NA,5,5,"Q","49"
"1320",NA,13,10,"Q","78"
"1321",NA,6,3,"Q","66"
"1322",NA,3,5,"Q","22"
"1323",NA,14,8,"Q","80"
"1324",NA,3,6,"Q","46"
"1325",NA,9,10,"Q","18"
"1326",NA,11,8,"Q","21"
"1327",NA,10,8,"Q","13"
"1328",NA,6,5,"Q","21"
"1329",NA,16,16,"Q","34"
"1330",NA,5,5,"Q","55"
"1331",NA,6,6,"Q","36"
"1332",NA,14,11,"Q","9"
"1333",NA,14,11,"Q","62"
"1334",NA,2,3,"Q","12"
"1335",NA,3,5,"Q","44"
"1336",NA,6,5,"Q","27"
"1337",NA,14,13,"Q","18"
"1338",NA,10,8,"Q","51"
"1339",NA,2,1,"Q","12"
"1340",NA,9,5,"Q","12"
"1341",NA,12,7,"Q","31"
"1342",NA,4,6,"Q","58"
"1343",NA,4,4,"Q","48"
"1344",NA,5,3,"Q","34"
"1345",NA,4,5,"Q","27"
"1346",NA,10,6,"Q","26"
"1347",NA,9,6,"Q","11"
"1348",NA,15,10,"Q","78"
"1349",NA,0,2,"Q","27"
"1350",NA,8,7,"Q","13"
"1351",NA,4,5,"Q","27"
"1352",NA,9,7,"Q","25"
"1353",NA,2,4,"Q","27"
"1354",NA,4,6,"Q","52"
"1355",NA,9,3,"Q","5"
"1356",NA,1,1,"Q","71"
"1357",NA,13,6,"Q","75"
"1358",NA,3,5,"Q","54"
"1359",NA,14,7,"Q","61"
"1360",NA,6,5,"Q","22"
"1361",NA,3,2,"Q","55"
"1362",NA,16,15,"Q","47"
"1363",NA,14,10,"Q","37"
"1364",NA,4,6,"Q","54"
"1365",NA,9,8,"Q","45"
"1366",NA,5,2,"Q","12"
"1367",NA,4,2,"Q","50"
"1368",NA,9,7,"Q","34"
"1369",NA,12,6,"Q","34"
"1370",NA,12,9,"Q","58"
"1371",NA,11,5,"Q","44"
"1372",NA,15,16,"Q","18"
"1373",NA,5,5,"Q","49"
"1374",NA,13,10,"Q","61"
"1375",NA,3,5,"Q","33"
"1376",NA,6,5,"Q","45"
"1377",NA,7,7,"Q","21"
"1378",NA,5,7,"Q","25"
"1379",NA,4,4,"Q","50"
"1380",NA,15,7,"Q","75"
"1381",NA,11,5,"Q","61"
"1382",NA,14,12,"Q","11"
"1383",NA,14,15,"Q","51"
"1384",NA,17,15,"Q","59"
"1385",NA,17,16,"Q","31"
"1386",NA,3,8,"Q","36"
"1387",NA,9,5,"Q","31"
"1388",NA,9,4,"Q","54"
"1389",NA,0,0,"Q","27"
"1390",NA,5,5,"Q","78"
"1391",NA,5,4,"Q","9"
"1392",NA,10,11,"Q","71"
"1393",NA,13,11,"Q","18"
"1394",NA,8,9,"Q","27"
"1395",NA,12,10,"Q","80"
"1396",NA,7,4,"Q","66"
"1397",NA,10,4,"Q","22"
"1398",NA,4,1,"Q","20"
"1399",NA,16,13,"Q","18"
"1400",NA,11,8,"Q","47"
"1401",NA,6,4,"Q","55"
"1402",NA,14,10,"Q","18"
"1403",NA,9,6,"Q","22"
"1404",NA,6,4,"Q","11"
"1405",NA,13,11,"Q","45"
"1406",NA,10,7,"Q","57"
"1407",NA,14,8,"Q","47"
"1408",NA,10,11,"Q","51"
"1409",NA,12,9,"Q","20"
"1410",NA,6,4,"Q","46"
"1411",NA,17,15,"Q","51"
"1412",NA,4,4,"Q","36"
"1413",NA,8,7,"Q","61"
"1414",NA,4,3,"Q","22"
"1415",NA,12,7,"Q","48"
"1416",NA,9,8,"Q","33"
"1417",NA,3,5,"Q","71"
"1418",NA,8,6,"Q","49"
"1419",NA,5,2,"Q","36"
"1420",NA,7,7,"Q","34"
"1421",NA,3,4,"Q","55"
"1422",NA,16,14,"Q","20"
"1423",NA,13,8,"Q","80"
"1424",NA,8,7,"Q","19"
"1425",NA,14,11,"Q","78"
"1426",NA,4,4,"Q","19"
"1427",NA,2,2,"Q","48"
"1428",NA,10,8,"Q","36"
"1429",NA,9,8,"Q","62"
"1430",NA,9,8,"Q","11"
"1431",NA,3,1,"Q","54"
"1432",NA,12,6,"Q","21"
"1433",NA,13,12,"Q","5"
"1434",NA,5,5,"Q","52"
"1435",NA,4,3,"Q","71"
"1436",NA,13,14,"Q","54"
"1437",NA,13,9,"Q","75"
"1438",NA,14,12,"Q","31"
"1439",NA,2,1,"Q","66"
"1440",NA,8,11,"Q","34"
"1441",NA,1,4,"Q","44"
"1442",NA,3,1,"Q","5"
"1443",NA,16,12,"Q","78"
"1444",NA,3,8,"Q","66"
"1445",NA,6,3,"Q","61"
"1446",NA,1,5,"Q","27"
"1447",NA,13,13,"Q","47"
"1448",NA,13,10,"Q","54"
"1449",NA,1,2,"Q","21"
"1450",NA,10,6,"Q","34"
"1451",NA,12,14,"Q","19"
"1452",NA,2,3,"Q","20"
"1453",NA,10,7,"Q","13"
"1454",NA,16,7,"Q","58"
"1455",NA,3,4,"Q","54"
"1456",NA,14,13,"Q","22"
"1457",NA,15,8,"Q","44"
"1458",NA,5,4,"Q","36"
"1459",NA,3,3,"Q","12"
"1460",NA,3,2,"Q","27"
"1461",NA,2,5,"Q","19"
"1462",NA,6,2,"Q","49"
"1463",NA,7,5,"Q","45"
"1464",NA,0,7,"Q","54"
"1465",NA,3,2,"Q","62"
"1466",NA,14,12,"Q","80"
"1467",NA,6,4,"Q","71"
"1468",NA,2,2,"Q","36"
"1469",NA,16,14,"Q","22"
"1470",NA,6,4,"Q","33"
"1471",NA,4,1,"Q","45"
"1472",NA,7,9,"Q","54"
"1473",NA,10,8,"Q","25"
"1474",NA,14,8,"Q","57"
"1475",NA,7,4,"Q","55"
"1476",NA,17,15,"Q","18"
"1477",NA,7,10,"Q","66"
"1478",NA,12,10,"Q","57"
"1479",NA,3,8,"Q","22"
"1480",NA,17,16,"Q","59"
"1481",NA,11,7,"Q","31"
"1482",NA,9,7,"Q","37"
"1483",NA,9,9,"Q","22"
"1484",NA,9,10,"Q","13"
"1485",NA,11,10,"Q","61"
"1486",NA,2,5,"Q","54"
"1487",NA,11,9,"Q","75"
"1488",NA,12,12,"Q","31"
"1489",NA,17,15,"Q","18"
"1490",NA,4,5,"Q","62"
"1491",NA,7,5,"Q","78"
"1492",NA,5,8,"Q","25"
"1493",NA,9,5,"Q","44"
"1494",NA,9,7,"Q","19"
"1495",NA,3,4,"Q","46"
"1496",NA,5,2,"Q","49"
"1497",NA,15,12,"Q","47"
"1498",NA,12,9,"Q","78"
"1499",NA,15,16,"Q","51"
"1500",NA,14,7,"Q","75"
"1501",NA,5,5,"Q","25"
"1502",NA,2,4,"Q","46"
"1503",NA,11,15,"Q","61"
"1504",NA,5,4,"Q","52"
"1505",NA,17,14,"Q","59"
"1506",NA,11,11,"Q","75"
"1507",NA,3,5,"Q","72"
"1508",NA,3,6,"Q","45"
"1509",NA,13,6,"Q","51"
"1510",NA,15,14,"Q","37"
"1511",NA,6,2,"Q","58"
"1512",NA,11,2,"Q","51"
"1513",NA,4,6,"Q","49"
"1514",NA,4,5,"Q","66"
"1515",NA,17,10,"Q","26"
"1516",NA,14,5,"Q","80"
"1517",NA,6,6,"Q","44"
"1518",NA,3,6,"Q","50"
"1519",NA,16,15,"Q","59"
"1520",NA,3,2,"Q","33"
"1521",NA,5,4,"Q","22"
"1522",NA,9,4,"Q","44"
"1523",NA,4,6,"Q","66"
"1524",NA,15,14,"Q","59"
"1525",NA,16,15,"Q","59"
"1526",NA,4,2,"Q","27"
"1527",NA,13,7,"Q","31"
"1528",NA,3,3,"Q","45"
"1529",NA,7,6,"Q","62"
"1530",NA,3,4,"Q","55"
"1531",NA,14,11,"Q","71"
"1532",NA,10,6,"Q","34"
"1533",NA,9,9,"Q","44"
"1534",NA,16,9,"Q","75"
"1535",NA,4,7,"Q","71"
"1536",NA,2,3,"Q","19"
"1537",NA,10,7,"Q","80"
"1538",NA,13,9,"Q","75"
"1539",NA,13,15,"Q","13"
"1540",NA,2,3,"Q","45"
"1541",NA,8,8,"Q","22"
"1542",NA,6,3,"Q","27"
"1543",NA,8,5,"Q","61"
"1544",NA,15,11,"Q","61"
"1545",NA,2,3,"Q","20"
"1546",NA,2,3,"Q","12"
"1547",NA,1,6,"Q","50"
"1548",NA,13,8,"Q","72"
"1549",NA,13,6,"Q","11"
"1550",NA,7,6,"Q","71"
"1551",NA,15,10,"Q","11"
"1552",NA,5,4,"Q","55"
"1553",NA,5,3,"Q","49"
"1554",NA,15,8,"Q","78"
"1555",NA,4,2,"Q","33"
"1556",NA,2,4,"Q","50"
"1557",NA,6,3,"Q","72"
"1558",NA,3,4,"Q","80"
"1559",NA,5,5,"Q","9"
"1560",NA,5,7,"Q","12"
"1561",NA,4,2,"Q","44"
"1562",NA,15,15,"Q","59"
"1563",NA,12,6,"Q","37"
"1564",NA,12,9,"Q","55"
"1565",NA,14,15,"Q","61"
"1566",NA,3,4,"Q","48"
"1567",NA,7,7,"Q","80"
"1568",NA,2,7,"Q","36"
"1569",NA,5,7,"Q","13"
"1570",NA,10,11,"Q","62"
"1571",NA,5,4,"Q","34"
"1572",NA,11,14,"Q","57"
"1573",NA,15,15,"Q","18"
"1574",NA,4,5,"Q","49"
"1575",NA,13,14,"Q","59"
"1576",NA,7,4,"Q","31"
"1577",NA,16,12,"Q","78"
"1578",NA,10,6,"Q","20"
"1579",NA,11,6,"Q","61"
"1580",NA,15,16,"Q","57"
"1581",NA,13,8,"Q","57"
"1582",NA,15,7,"Q","11"
"1583",NA,6,4,"Q","19"
"1584",NA,15,15,"Q","61"
"1585",NA,6,5,"Q","52"
"1586",NA,5,6,"Q","55"
"1587",NA,4,4,"Q","52"
"1588",NA,15,9,"Q","78"
"1589",NA,14,12,"Q","33"
"1590",NA,15,11,"Q","47"
"1591",NA,6,11,"Q","5"
"1592",NA,5,5,"Q","46"
"1593",NA,14,16,"Q","18"
"1594",NA,1,3,"Q","12"
"1595",NA,9,4,"Q","58"
"1596",NA,14,15,"Q","59"
"1597",NA,8,3,"Q","48"
"1598",NA,17,15,"Q","47"
"1599",NA,1,4,"Q","57"
"1600",NA,10,6,"Q","5"
"1601",NA,9,10,"Q","51"
"1602",NA,2,7,"Q","9"
"1603",NA,10,5,"Q","58"
"1604",NA,7,4,"Q","19"
"1605",NA,5,4,"Q","25"
"1606",NA,7,8,"Q","46"
"1607",NA,16,16,"Q","18"
"1608",NA,2,4,"Q","33"
"1609",NA,11,12,"Q","59"
"1610",NA,14,9,"Q","45"
"1611",NA,16,11,"Q","13"
"1612",NA,2,4,"Q","20"
"1613",NA,4,2,"Q","12"
"1614",NA,6,7,"Q","50"
"1615",NA,9,3,"Q","31"
"1616",NA,2,1,"Q","27"
"1617",NA,12,8,"Q","75"
"1618",NA,13,7,"Q","75"
"1619",NA,5,3,"Q","36"
"1620",NA,17,15,"Q","51"
"1621",NA,16,10,"Q","54"
"1622",NA,12,9,"Q","57"
"1623",NA,13,8,"Q","62"
"1624",NA,15,9,"Q","21"
"1625",NA,5,4,"Q","19"
"1626",NA,12,5,"Q","49"
"1627",NA,16,15,"Q","49"
"1628",NA,15,15,"Q","18"
"1629",NA,13,9,"Q","71"
"1630",NA,16,13,"Q","33"
"1631",NA,1,4,"Q","52"
"1632",NA,13,7,"Q","11"
"1633",NA,14,15,"Q","71"
"1634",NA,16,14,"Q","31"
"1635",NA,1,5,"Q","52"
"1636",NA,3,6,"Q","57"
"1637",NA,2,3,"Q","62"
"1638",NA,12,7,"Q","31"
"1639",NA,15,6,"Q","13"
"1640",NA,5,2,"Q","11"
"1641",NA,2,5,"Q","48"
"1642",NA,9,7,"Q","25"
"1643",NA,6,3,"Q","9"
"1644",NA,12,15,"Q","52"
"1645",NA,16,14,"Q","75"
"1646",NA,14,7,"Q","58"
"1647",NA,12,13,"Q","5"
"1648",NA,15,14,"Q","78"
"1649",NA,14,10,"Q","20"
"1650",NA,15,8,"Q","13"
"1651",NA,6,2,"Q","33"
"1652",NA,16,16,"Q","18"
"1653",NA,14,7,"Q","62"
"1654",NA,2,3,"Q","37"
"1655",NA,12,9,"Q","66"
"1656",NA,7,6,"Q","71"
"1657",NA,9,7,"Q","37"
"1658",NA,5,3,"Q","50"
"1659",NA,12,15,"Q","59"
"1660",NA,16,11,"Q","62"
"1661",NA,16,14,"Q","72"
"1662",NA,16,8,"Q","20"
"1663",NA,7,4,"Q","71"
"1664",NA,12,9,"Q","61"
"1665",NA,6,4,"Q","12"
"1666",NA,3,2,"Q","34"
"1667",NA,3,4,"Q","62"
"1668",NA,12,14,"Q","78"
"1669",NA,14,8,"Q","44"
"1670",NA,14,9,"Q","44"
"1671",NA,5,5,"Q","61"
"1672",NA,13,14,"Q","5"
"1673",NA,15,11,"Q","51"
"1674",NA,4,5,"Q","52"
"1675",NA,16,14,"Q","33"
"1676",NA,1,5,"Q","12"
"1677",NA,4,0,"Q","27"
"1678",NA,9,7,"Q","47"
"1679",NA,13,10,"Q","37"
"1680",NA,14,10,"Q","78"
"1681",NA,9,8,"Q","47"
"1682",NA,14,7,"Q","80"
"1683",NA,2,4,"Q","54"
"1684",NA,2,5,"Q","11"
"1685",NA,13,13,"Q","51"
"1686",NA,12,8,"Q","61"
"1687",NA,9,5,"Q","5"
"1688",NA,4,7,"Q","80"
"1689",NA,7,12,"Q","37"
"1690",NA,16,9,"Q","62"
"1691",NA,6,7,"Q","34"
"1692",NA,14,13,"Q","72"
"1693",NA,2,8,"Q","37"
"1694",NA,16,13,"Q","26"
"1695",NA,7,5,"Q","58"
"1696",NA,7,3,"Q","9"
"1697",NA,13,13,"Q","18"
"1698",NA,3,2,"Q","55"
"1699",NA,2,5,"Q","58"
"1700",NA,5,1,"Q","57"
"1701",NA,5,5,"Q","55"
"1702",NA,11,8,"Q","13"
"1703",NA,15,15,"Q","57"
"1704",NA,12,6,"Q","45"
"1705",NA,2,2,"Q","21"
